,match_date,section_no,match_index_in_section,start_time,stadium,home_team,home_goal,away_goal,away_team,status,home_pk_score,away_pk_score
0,2026/02/07,1,1,14:00,ＮＡＣＫ,大宮,2,1,松本,試合終了,,
1,2026/02/07,1,2,14:00,ＪＩＴス,甲府,4,1,福島,試合終了,,
2,2026/02/07,1,3,14:00,ヤマハ,磐田,0,0,長野,試合終了(4 PK 2),4,2
3,2026/02/08,1,4,14:00,ハワスタ,いわき,1,0,札幌,試合終了,,
4,2026/02/08,1,5,13:30,藤枝サ,藤枝,0,2,岐阜,試合終了,,
5,2026/02/14,2,1,14:00,ＮＡＣＫ,大宮,3,2,札幌,試合終了,,
6,2026/02/14,2,2,14:00,ＪＩＴス,甲府,2,0,長野,試合終了,,
7,2026/02/14,2,3,14:00,藤枝サ,藤枝,2,0,松本,試合終了,,
8,2026/02/15,2,4,13:00,ハワスタ,いわき,3,1,福島,試合終了,,
9,2026/02/15,2,5,14:00,長良川,岐阜,2,1,磐田,試合終了,,
10,2026/02/21,3,1,14:03,ＮＡＣＫ,大宮,6,0,福島,試合終了,,
11,2026/02/21,3,2,14:03,ヤマハ,磐田,1,2,松本,試合終了,,
12,2026/02/21,3,3,14:03,藤枝サ,藤枝,1,1,甲府,試合終了(3 PK 4),3,4
13,2026/02/21,3,4,14:03,長野Ｕ,長野,1,1,札幌,試合終了(4 PK 5),4,5
14,2026/02/22,3,5,14:03,長良川,岐阜,0,0,いわき,試合終了(5 PK 4),5,4
15,2026/02/28,4,1,14:00,プレド,札幌,,,岐阜,ＶＳ,,
16,2026/02/28,4,2,14:00,ＪＩＴス,甲府,,,松本,ＶＳ,,
17,2026/02/28,4,3,14:00,ヤマハ,磐田,,,福島,ＶＳ,,
18,2026/02/28,4,4,14:00,長野Ｕ,長野,,,大宮,ＶＳ,,
19,2026/03/01,4,5,14:00,ハワスタ,いわき,,,藤枝,ＶＳ,,
20,2026/03/07,5,1,14:00,ハワスタ,いわき,,,大宮,ＶＳ,,
21,2026/03/07,5,2,14:00,サンアル,松本,,,札幌,ＶＳ,,
22,2026/03/07,5,3,14:00,藤枝サ,藤枝,,,磐田,ＶＳ,,
23,2026/03/08,5,4,14:00,長良川,岐阜,,,甲府,ＶＳ,,
24,2026/03/08,5,5,14:00,とうスタ,福島,,,長野,ＶＳ,,
25,2026/03/14,6,1,14:00,ＮＡＣＫ,大宮,,,藤枝,ＶＳ,,
26,2026/03/14,6,2,14:00,ＪＩＴス,甲府,,,いわき,ＶＳ,,
27,2026/03/14,6,3,14:00,ヤマハ,磐田,,,札幌,ＶＳ,,
28,2026/03/14,6,4,14:00,長野Ｕ,長野,,,松本,ＶＳ,,
29,2026/03/15,6,5,19:00,長良川,岐阜,,,福島,ＶＳ,,
30,2026/03/21,7,1,14:00,プレド,札幌,,,甲府,ＶＳ,,
31,2026/03/21,7,2,14:00,サンアル,松本,,,岐阜,ＶＳ,,
32,2026/03/21,7,3,14:00,ヤマハ,磐田,,,大宮,ＶＳ,,
33,2026/03/21,7,4,14:00,とうスタ,福島,,,藤枝,ＶＳ,,
34,2026/03/21,7,5,14:00,長野Ｕ,長野,,,いわき,ＶＳ,,
35,2026/03/28,8,1,14:00,長良川,岐阜,,,長野,ＶＳ,,
36,2026/03/28,8,2,14:00,ＪＩＴス,甲府,,,大宮,ＶＳ,,
37,2026/03/28,8,3,14:00,藤枝サ,藤枝,,,札幌,ＶＳ,,
38,2026/03/29,8,4,14:00,ハワスタ,いわき,,,磐田,ＶＳ,,
39,2026/03/29,8,5,14:00,とうスタ,福島,,,松本,ＶＳ,,
40,2026/04/04,9,1,14:00,ＮＡＣＫ,大宮,,,岐阜,ＶＳ,,
41,2026/04/04,9,2,14:00,プレド,札幌,,,福島,ＶＳ,,
42,2026/04/04,9,3,14:00,ヤマハ,磐田,,,甲府,ＶＳ,,
43,2026/04/04,9,4,14:00,藤枝サ,藤枝,,,長野,ＶＳ,,
44,2026/04/05,9,5,14:00,サンアル,松本,,,いわき,ＶＳ,,
45,2026/04/11,10,1,14:00,長良川,岐阜,,,藤枝,ＶＳ,,
46,2026/04/11,10,2,14:00,ＪＩＴス,甲府,,,札幌,ＶＳ,,
47,2026/04/12,10,3,14:00,サンアル,松本,,,大宮,ＶＳ,,
48,2026/04/12,10,4,14:00,とうスタ,福島,,,いわき,ＶＳ,,
49,2026/04/12,10,5,13:00,長野Ｕ,長野,,,磐田,ＶＳ,,
50,2026/04/18,11,1,14:00,ＮＡＣＫ,大宮,,,磐田,ＶＳ,,
51,2026/04/18,11,2,13:00,札幌厚別,札幌,,,松本,ＶＳ,,
52,2026/04/18,11,3,14:00,ＪＩＴス,甲府,,,藤枝,ＶＳ,,
53,2026/04/19,11,4,14:00,ハワスタ,いわき,,,長野,ＶＳ,,
54,2026/04/19,11,5,14:00,とうスタ,福島,,,岐阜,ＶＳ,,
55,2026/04/25,12,1,14:00,プレド,札幌,,,いわき,ＶＳ,,
56,2026/04/25,12,2,13:00,ヤマハ,磐田,,,岐阜,ＶＳ,,
57,2026/04/25,12,3,14:00,とうスタ,福島,,,甲府,ＶＳ,,
58,2026/04/25,12,4,14:00,藤枝サ,藤枝,,,大宮,ＶＳ,,
59,2026/04/26,12,5,14:00,サンアル,松本,,,長野,ＶＳ,,
60,2026/04/29,13,1,13:00,ハワスタ,いわき,,,岐阜,ＶＳ,,
61,2026/04/29,13,2,14:00,ＮＡＣＫ,大宮,,,甲府,ＶＳ,,
62,2026/04/29,13,3,14:00,プレド,札幌,,,藤枝,ＶＳ,,
63,2026/04/29,13,4,18:00,サンアル,松本,,,磐田,ＶＳ,,
64,2026/04/29,13,5,18:00,長野Ｕ,長野,,,福島,ＶＳ,,
65,2026/05/02,14,1,14:00,長良川,岐阜,,,札幌,ＶＳ,,
66,2026/05/02,14,2,14:00,ヤマハ,磐田,,,いわき,ＶＳ,,
67,2026/05/02,14,3,18:00,長野Ｕ,長野,,,藤枝,ＶＳ,,
68,2026/05/03,14,4,13:00,サンアル,松本,,,甲府,ＶＳ,,
69,2026/05/03,14,5,14:00,とうスタ,福島,,,大宮,ＶＳ,,
70,2026/05/06,15,1,14:00,ＮＡＣＫ,大宮,,,いわき,ＶＳ,,
71,2026/05/06,15,2,19:00,長良川,岐阜,,,松本,ＶＳ,,
72,2026/05/06,15,3,14:00,プレド,札幌,,,長野,ＶＳ,,
73,2026/05/06,15,4,14:00,ＪＩＴス,甲府,,,磐田,ＶＳ,,
74,2026/05/06,15,5,14:00,藤枝サ,藤枝,,,福島,ＶＳ,,
75,2026/05/16,17,1,16:00,ＪＩＴス,甲府,,,岐阜,ＶＳ,,
76,2026/05/16,17,2,14:30,ヤマハ,磐田,,,藤枝,ＶＳ,,
77,2026/05/16,17,3,14:00,とうスタ,福島,,,札幌,ＶＳ,,
78,2026/05/17,17,4,14:00,ハワスタ,いわき,,,松本,ＶＳ,,
79,2026/05/17,17,5,14:00,ＮＡＣＫ,大宮,,,長野,ＶＳ,,
80,2026/05/23,18,1,14:00,長良川,岐阜,,,大宮,ＶＳ,,
81,2026/05/23,18,2,14:00,プレド,札幌,,,磐田,ＶＳ,,
82,2026/05/23,18,3,14:00,藤枝サ,藤枝,,,いわき,ＶＳ,,
83,2026/05/23,18,4,16:00,長野Ｕ,長野,,,甲府,ＶＳ,,
84,2026/05/24,18,5,14:00,サンアル,松本,,,福島,ＶＳ,,
