,match_date,section_no,match_index_in_section,start_time,stadium,home_team,home_goal,away_goal,away_team,status
0,2026/02/06,1,1,19:00,日産ス,横浜FM,2.0,3.0,町田,試合終了
1,2026/02/07,1,2,13:00,フクアリ,千葉,0.0,2.0,浦和,試合終了
2,2026/02/07,1,3,13:30,味スタ,FC東京,1.0,1.0,鹿島,試合終了(5 PK 4)
3,2026/02/08,1,4,15:00,Ｕ等々力,川崎Ｆ,5.0,3.0,柏,試合終了
4,2026/02/08,1,5,16:00,味スタ,東京Ｖ,3.0,1.0,水戸,試合終了
5,2026/02/14,2,1,14:03,Ｇスタ,町田,2.0,2.0,水戸,試合終了(4 PK 2)
6,2026/02/14,2,2,15:03,メルスタ,鹿島,1.0,0.0,横浜FM,試合終了
7,2026/02/14,2,3,15:03,味スタ,FC東京,1.0,1.0,浦和,試合終了(5 PK 3)
8,2026/02/15,2,4,13:00,フクアリ,千葉,,,川崎Ｆ,スタメン
9,2026/02/15,2,5,14:00,三協Ｆ柏,柏,,,東京Ｖ,スタメン
10,2026/02/21,3,1,14:00,味スタ,東京Ｖ,,,町田,ＶＳ
11,2026/02/21,3,2,14:00,日産ス,横浜FM,,,浦和,ＶＳ
12,2026/02/21,3,3,15:00,Ｕ等々力,川崎Ｆ,,,FC東京,ＶＳ
13,2026/02/21,3,4,16:00,メルスタ,鹿島,,,柏,ＶＳ
14,2026/02/22,3,5,14:00,Ｋｓスタ,水戸,,,千葉,ＶＳ
15,2026/02/27,4,1,19:00,Ｇスタ,町田,,,千葉,ＶＳ
16,2026/02/28,4,2,13:00,日産ス,横浜FM,,,東京Ｖ,ＶＳ
17,2026/02/28,4,3,14:00,埼玉,浦和,,,鹿島,ＶＳ
18,2026/02/28,4,4,15:00,味スタ,FC東京,,,柏,ＶＳ
19,2026/03/01,4,5,16:00,Ｕ等々力,川崎Ｆ,,,水戸,ＶＳ
20,2026/03/07,5,1,13:00,フクアリ,千葉,,,柏,ＶＳ
21,2026/03/07,5,2,14:00,MUFG,FC東京,,,横浜FM,ＶＳ
22,2026/03/07,5,3,14:00,Ｇスタ,町田,,,川崎Ｆ,ＶＳ
23,2026/03/07,5,4,15:00,埼玉,浦和,,,水戸,ＶＳ
24,2026/03/07,5,5,16:00,メルスタ,鹿島,,,東京Ｖ,ＶＳ
25,2026/03/14,6,1,13:00,日産ス,横浜FM,,,千葉,ＶＳ
26,2026/03/14,6,2,14:00,Ｋｓスタ,水戸,,,FC東京,ＶＳ
27,2026/03/14,6,3,14:00,三協Ｆ柏,柏,,,町田,ＶＳ
28,2026/03/14,6,4,15:00,メルスタ,鹿島,,,川崎Ｆ,ＶＳ
29,2026/03/14,6,5,16:00,MUFG,東京Ｖ,,,浦和,ＶＳ
30,2026/03/18,7,1,19:00,Ｋｓスタ,水戸,,,横浜FM,ＶＳ
31,2026/03/18,7,2,19:00,フクアリ,千葉,,,FC東京,ＶＳ
32,2026/03/18,7,3,19:00,味スタ,東京Ｖ,,,川崎Ｆ,ＶＳ
33,2026/03/18,7,4,19:30,埼玉,浦和,,,柏,ＶＳ
34,2026/03/18,7,5,19:30,MUFG,町田,,,鹿島,ＶＳ
35,2026/03/22,8,1,14:00,味スタ,東京Ｖ,,,FC東京,ＶＳ
36,2026/03/22,8,2,15:00,メルスタ,鹿島,,,千葉,ＶＳ
37,2026/03/22,8,3,15:00,MUFG,川崎Ｆ,,,横浜FM,ＶＳ
38,2026/03/22,8,4,16:00,埼玉,浦和,,,町田,ＶＳ
39,2026/03/22,8,5,16:00,三協Ｆ柏,柏,,,水戸,ＶＳ
40,2026/04/04,9,1,13:00,フクアリ,千葉,,,東京Ｖ,ＶＳ
41,2026/04/04,9,2,14:00,Ｋｓスタ,水戸,,,鹿島,ＶＳ
42,2026/04/05,9,3,14:00,三協Ｆ柏,柏,,,横浜FM,ＶＳ
43,2026/04/05,9,4,15:00,味スタ,FC東京,,,町田,ＶＳ
44,2026/04/05,9,5,16:00,Ｕ等々力,川崎Ｆ,,,浦和,ＶＳ
45,2026/04/11,10,1,13:00,フクアリ,千葉,,,水戸,ＶＳ
46,2026/04/11,10,2,14:00,Ｇスタ,町田,,,柏,ＶＳ
47,2026/04/11,10,3,15:00,日産ス,横浜FM,,,FC東京,ＶＳ
48,2026/04/12,10,4,14:00,埼玉,浦和,,,東京Ｖ,ＶＳ
49,2026/04/12,10,5,16:00,Ｕ等々力,川崎Ｆ,,,鹿島,ＶＳ
50,2026/04/18,11,1,13:00,日産ス,横浜FM,,,川崎Ｆ,ＶＳ
51,2026/04/18,11,2,14:00,メルスタ,鹿島,,,浦和,ＶＳ
52,2026/04/18,11,3,14:00,Ｇスタ,町田,,,FC東京,ＶＳ
53,2026/04/18,11,4,15:00,味スタ,東京Ｖ,,,千葉,ＶＳ
54,2026/04/19,11,5,13:00,Ｋｓスタ,水戸,,,柏,ＶＳ
55,2026/04/24,12,1,19:00,三協Ｆ柏,柏,,,鹿島,ＶＳ
56,2026/04/24,12,2,19:00,味スタ,FC東京,,,水戸,ＶＳ
57,2026/04/25,12,3,14:00,埼玉,浦和,,,横浜FM,ＶＳ
58,2026/04/25,12,4,14:00,Ｇスタ,町田,,,東京Ｖ,ＶＳ
59,2026/04/25,12,5,15:00,Ｕ等々力,川崎Ｆ,,,千葉,ＶＳ
60,2026/04/29,13,1,13:00,味スタ,東京Ｖ,,,鹿島,ＶＳ
61,2026/04/29,13,2,14:00,フクアリ,千葉,,,横浜FM,ＶＳ
62,2026/04/29,13,3,15:00,埼玉,浦和,,,川崎Ｆ,ＶＳ
63,2026/04/29,13,4,16:00,Ｋｓスタ,水戸,,,町田,ＶＳ
64,2026/04/29,13,5,16:00,三協Ｆ柏,柏,,,FC東京,ＶＳ
65,2026/05/02,14,1,14:00,味スタ,FC東京,,,川崎Ｆ,ＶＳ
66,2026/05/02,14,2,14:00,日産ス,横浜FM,,,水戸,ＶＳ
67,2026/05/02,14,3,16:00,埼玉,浦和,,,千葉,ＶＳ
68,2026/05/03,14,4,14:00,味スタ,東京Ｖ,,,柏,ＶＳ
69,2026/05/03,14,5,16:00,メルスタ,鹿島,,,町田,ＶＳ
70,2026/05/06,15,1,15:00,味スタ,FC東京,,,千葉,ＶＳ
71,2026/05/06,15,2,16:00,メルスタ,鹿島,,,水戸,ＶＳ
72,2026/05/06,15,3,16:00,Ｇスタ,町田,,,横浜FM,ＶＳ
73,2026/05/06,15,4,17:00,Ｕ等々力,川崎Ｆ,,,東京Ｖ,ＶＳ
74,2026/05/06,15,5,19:00,三協Ｆ柏,柏,,,浦和,ＶＳ
75,2026/05/09,16,1,14:00,Ｋｓスタ,水戸,,,浦和,ＶＳ
76,2026/05/10,16,2,14:00,日産ス,横浜FM,,,鹿島,ＶＳ
77,2026/05/10,16,3,15:00,味スタ,FC東京,,,東京Ｖ,ＶＳ
78,2026/05/10,16,4,16:00,三協Ｆ柏,柏,,,川崎Ｆ,ＶＳ
79,2026/05/10,16,5,17:00,フクアリ,千葉,,,町田,ＶＳ
80,2026/05/16,17,1,14:00,Ｋｓスタ,水戸,,,東京Ｖ,ＶＳ
81,2026/05/16,17,2,16:00,埼玉,浦和,,,FC東京,ＶＳ
82,2026/05/16,17,3,17:00,日産ス,横浜FM,,,柏,ＶＳ
83,2026/05/17,17,4,14:00,フクアリ,千葉,,,鹿島,ＶＳ
84,2026/05/17,17,5,19:00,Ｕ等々力,川崎Ｆ,,,町田,ＶＳ
85,2026/05/22,18,1,19:30,MUFG,町田,,,浦和,ＶＳ
86,2026/05/23,18,2,17:30,メルスタ,鹿島,,,FC東京,ＶＳ
87,2026/05/23,18,3,18:00,三協Ｆ柏,柏,,,千葉,ＶＳ
88,2026/05/24,18,4,14:00,Ｋｓスタ,水戸,,,川崎Ｆ,ＶＳ
89,2026/05/24,18,5,14:00,味スタ,東京Ｖ,,,横浜FM,ＶＳ
